wine_id,predicted_quality,predicted_at
5845317542458462538,False,2024-04-10 16:22:35.995447+00:00
16883559805769420782,True,2024-04-10 16:22:35.995447+00:00
15592903253924082177,False,2024-04-10 16:22:35.995447+00:00
17189393875314337631,False,2024-04-10 16:22:35.995447+00:00
14748785506986664282,False,2024-04-10 16:22:35.995447+00:00
3369524386852739361,False,2024-04-10 16:22:35.995447+00:00
840003257986184524,False,2024-04-10 16:22:35.995447+00:00
13652546777814664676,True,2024-04-10 16:22:35.995447+00:00
14657486948404208555,False,2024-04-10 16:22:35.995447+00:00
45215477981367899,False,2024-04-10 16:22:35.995447+00:00
14922125765587290377,False,2024-04-10 16:22:35.995447+00:00
10960475039759305054,False,2024-04-10 16:22:35.995447+00:00
5684403889016905743,False,2024-04-10 16:22:35.995447+00:00
14702313894013076500,False,2024-04-10 16:22:35.995447+00:00
14052926603047584299,True,2024-04-10 16:22:35.995447+00:00
3852479588060683838,True,2024-04-10 16:22:35.995447+00:00
17279340661187447297,False,2024-04-10 16:22:35.995447+00:00
15877132442606910083,False,2024-04-10 16:22:35.995447+00:00
17250536688128384647,False,2024-04-10 16:22:35.995447+00:00
2075604398892172358,False,2024-04-10 16:22:35.995447+00:00
5845604862570949814,False,2024-04-10 16:22:35.995447+00:00
3617477735469505818,False,2024-04-10 16:22:35.995447+00:00
4266214742599700852,False,2024-04-10 16:22:35.995447+00:00
6803971576919831302,False,2024-04-10 16:22:35.995447+00:00
13348278425674824858,False,2024-04-10 16:22:35.995447+00:00
14707610406485945409,False,2024-04-10 16:22:35.995447+00:00
417369348033925407,False,2024-04-10 16:22:35.995447+00:00
7252604634780982151,False,2024-04-10 16:22:35.995447+00:00
15207358281370783347,False,2024-04-10 16:22:35.995447+00:00
6943683819236630065,False,2024-04-10 16:22:35.995447+00:00
11331116347836405643,False,2024-04-10 16:22:35.995447+00:00
11930900087314782599,False,2024-04-10 16:22:35.995447+00:00
13097721929837440707,False,2024-04-10 16:22:35.995447+00:00
8628487291935454164,False,2024-04-10 16:22:35.995447+00:00
12938976290219719172,False,2024-04-10 16:22:35.995447+00:00
1163773770462628685,False,2024-04-10 16:22:35.995447+00:00
1775173109231573719,False,2024-04-10 16:22:35.995447+00:00
2630187789548353124,False,2024-04-10 16:22:35.995447+00:00
905963721959919567,False,2024-04-10 16:22:35.995447+00:00
17041934915905729499,False,2024-04-10 16:22:35.995447+00:00
14716869201279234045,False,2024-04-10 16:22:35.995447+00:00
16230904594006187550,False,2024-04-10 16:22:35.995447+00:00
15208541937856238119,False,2024-04-10 16:22:35.995447+00:00
11611038887594707054,False,2024-04-10 16:22:35.995447+00:00
6057568711999409231,False,2024-04-10 16:22:35.995447+00:00
10577687466895599900,True,2024-04-10 16:22:35.995447+00:00
14288410223033549622,False,2024-04-10 16:22:35.995447+00:00
7178837352901366424,False,2024-04-10 16:22:35.995447+00:00
5520151439580780539,False,2024-04-10 16:22:35.995447+00:00
10470673796281534762,False,2024-04-10 16:22:35.995447+00:00
5838892147148440835,False,2024-04-10 16:22:35.995447+00:00
12604357145423054024,False,2024-04-10 16:22:35.995447+00:00
18389584453754653880,False,2024-04-10 16:22:35.995447+00:00
3125934655348532277,True,2024-04-10 16:22:35.995447+00:00
9037279725234285544,True,2024-04-10 16:22:35.995447+00:00
12961645013735853024,False,2024-04-10 16:22:35.995447+00:00
4651401857890188447,True,2024-04-10 16:22:35.995447+00:00
13566394578367713447,False,2024-04-10 16:22:35.995447+00:00
14472676593885234406,False,2024-04-10 16:22:35.995447+00:00
10853655457685261714,True,2024-04-10 16:22:35.995447+00:00
2762648670143046957,False,2024-04-10 16:22:35.995447+00:00
6743839433816738617,False,2024-04-10 16:22:35.995447+00:00
6092962517586099478,False,2024-04-10 16:22:35.995447+00:00
13445782864471200376,False,2024-04-10 16:22:35.995447+00:00
16916084160508201728,False,2024-04-10 16:22:35.995447+00:00
4230980434993054481,False,2024-04-10 16:22:35.995447+00:00
11784410837980988950,False,2024-04-10 16:22:35.995447+00:00
14779890750356014438,True,2024-04-10 16:22:35.995447+00:00
17813985575897983776,True,2024-04-10 16:22:35.995447+00:00
8562641453053264405,False,2024-04-10 16:22:35.995447+00:00
46642168393285420,False,2024-04-10 16:22:35.995447+00:00
4717714482497438139,False,2024-04-10 16:22:35.995447+00:00
2204572225054928327,False,2024-04-10 16:22:35.995447+00:00
3457587568434331117,False,2024-04-10 16:22:35.995447+00:00
16748900950291407770,False,2024-04-10 16:22:35.995447+00:00
15585301482327594747,False,2024-04-10 16:22:35.995447+00:00
6480482796734353423,False,2024-04-10 16:22:35.995447+00:00
17671951295430112175,False,2024-04-10 16:22:35.995447+00:00
13504746016941405435,False,2024-04-10 16:22:35.995447+00:00
11451753839541935006,False,2024-04-10 16:22:35.995447+00:00
3896884579468096401,True,2024-04-10 16:22:35.995447+00:00
9309342882392433633,False,2024-04-10 16:22:35.995447+00:00
11426061218065928313,False,2024-04-10 16:22:35.995447+00:00
13671236840665265496,True,2024-04-10 16:22:35.995447+00:00
17103405421028442831,False,2024-04-10 16:22:35.995447+00:00
5490436908760421403,True,2024-04-10 16:22:35.995447+00:00
2035365465485193689,False,2024-04-10 16:22:35.995447+00:00
12830159550488845949,False,2024-04-10 16:22:35.995447+00:00
11422796626988195757,False,2024-04-10 16:22:35.995447+00:00
8350763156545413514,False,2024-04-10 16:22:35.995447+00:00
13644905039763123357,False,2024-04-10 16:22:35.995447+00:00
9643765819068120025,False,2024-04-10 16:22:35.995447+00:00
9203401078903376253,False,2024-04-10 16:22:35.995447+00:00
11561456144554005851,False,2024-04-10 16:22:35.995447+00:00
1054719645452941496,False,2024-04-10 16:22:35.995447+00:00
2888297561826886471,False,2024-04-10 16:22:35.995447+00:00
14866235574294690081,False,2024-04-10 16:22:35.995447+00:00
13574747650708267154,False,2024-04-10 16:22:35.995447+00:00
16057933774463796065,False,2024-04-10 16:22:35.995447+00:00
3412134051587407497,False,2024-04-10 16:22:35.995447+00:00
14619836796655331776,False,2024-04-10 16:22:35.995447+00:00
361975724666528550,False,2024-04-10 16:22:35.995447+00:00
6554844449679383975,False,2024-04-10 16:22:35.995447+00:00
10776680262550391168,False,2024-04-10 16:22:35.995447+00:00
13244718551479577607,True,2024-04-10 16:22:35.995447+00:00
8364010507344058477,False,2024-04-10 16:22:35.995447+00:00
6750259455399553625,False,2024-04-10 16:22:35.995447+00:00
4889987017536510069,True,2024-04-10 16:22:35.995447+00:00
6341764123581210969,False,2024-04-10 16:22:35.995447+00:00
10727986878799733618,False,2024-04-10 16:22:35.995447+00:00
13804321300989802768,False,2024-04-10 16:22:35.995447+00:00
14017262218857115174,False,2024-04-10 16:22:35.995447+00:00
4000698283779501629,False,2024-04-10 16:22:35.995447+00:00
8914116913489657734,False,2024-04-10 16:22:35.995447+00:00
15280662984657263922,False,2024-04-10 16:22:35.995447+00:00
6478218086023510517,False,2024-04-10 16:22:35.995447+00:00
4651127988954601334,False,2024-04-10 16:22:35.995447+00:00
1233165633468556012,False,2024-04-10 16:22:35.995447+00:00
14199956121415037647,True,2024-04-10 16:22:35.995447+00:00
14132471796318260504,False,2024-04-10 16:22:35.995447+00:00
2328643345237509432,False,2024-04-10 16:22:35.995447+00:00
9998638336017416838,False,2024-04-10 16:22:35.995447+00:00
6637739536742113409,False,2024-04-10 16:22:35.995447+00:00
4430986711661102287,False,2024-04-10 16:22:35.995447+00:00
17478083908996502959,False,2024-04-10 16:22:35.995447+00:00
9263785715869270993,False,2024-04-10 16:22:35.995447+00:00
7532115899739303252,False,2024-04-10 16:22:35.995447+00:00
16854007551309037311,False,2024-04-10 16:22:35.995447+00:00
8576412012237897884,False,2024-04-10 16:22:35.995447+00:00
5241007151975262770,False,2024-04-10 16:22:35.995447+00:00
7282722247388164057,False,2024-04-10 16:22:35.995447+00:00
9846796649542298623,True,2024-04-10 16:22:35.995447+00:00
8729719482099121367,True,2024-04-10 16:22:35.995447+00:00
17713473735622483326,False,2024-04-10 16:22:35.995447+00:00
2494813352064113447,False,2024-04-10 16:22:35.995447+00:00
9059809927623713336,True,2024-04-10 16:22:35.995447+00:00
695240753768733521,False,2024-04-10 16:22:35.995447+00:00
11067959492123567603,False,2024-04-10 16:22:35.995447+00:00
7850614510728586359,True,2024-04-10 16:22:35.995447+00:00
15688348805532575523,False,2024-04-10 16:22:35.995447+00:00
14208565199829911899,False,2024-04-10 16:22:35.995447+00:00
6421603130926809574,False,2024-04-10 16:22:35.995447+00:00
12354099743347276201,False,2024-04-10 16:22:35.995447+00:00
7038189640558704010,False,2024-04-10 16:22:35.995447+00:00
9037279725234285544,True,2024-04-10 16:22:35.995447+00:00
10510832552231379711,False,2024-04-10 16:22:35.995447+00:00
2477247519565513491,False,2024-04-10 16:22:35.995447+00:00
9376791461812142966,False,2024-04-10 16:22:35.995447+00:00
14880217392779073241,False,2024-04-10 16:22:35.995447+00:00
2661187422943406902,False,2024-04-10 16:22:35.995447+00:00
6483062827226508644,False,2024-04-10 16:22:35.995447+00:00
16599727141671389220,False,2024-04-10 16:22:35.995447+00:00
3281077149012791873,False,2024-04-10 16:22:35.995447+00:00
13551949627762925901,True,2024-04-10 16:22:35.995447+00:00
17539912153504160265,False,2024-04-10 16:22:35.995447+00:00
2153296857687080596,False,2024-04-10 16:22:35.995447+00:00
16084598479352958045,False,2024-04-10 16:22:35.995447+00:00
5684403889016905743,False,2024-04-10 16:22:35.995447+00:00
13574747650708267154,False,2024-04-10 16:22:35.995447+00:00
8414500317328349355,False,2024-04-10 16:22:35.995447+00:00
6028076889300734927,False,2024-04-10 16:22:35.995447+00:00
8910818530643540327,False,2024-04-10 16:22:35.995447+00:00
1039785719137676235,False,2024-04-10 16:22:35.995447+00:00
7298751648773689971,False,2024-04-10 16:22:35.995447+00:00
5937346284441841727,False,2024-04-10 16:22:35.995447+00:00
9743971979253704241,False,2024-04-10 16:22:35.995447+00:00
14846755706637758233,False,2024-04-10 16:22:35.995447+00:00
17409999868295306709,False,2024-04-10 16:22:35.995447+00:00
11922475046443366551,False,2024-04-10 16:22:35.995447+00:00
14970796790189652608,False,2024-04-10 16:22:35.995447+00:00
13794936454533104377,False,2024-04-10 16:22:35.995447+00:00
15590903961164519213,False,2024-04-10 16:22:35.995447+00:00
6517925152218124045,False,2024-04-10 16:22:35.995447+00:00
6510243319576010805,False,2024-04-10 16:22:35.995447+00:00
1329511023400802145,False,2024-04-10 16:22:35.995447+00:00
4306306711570257653,False,2024-04-10 16:22:35.995447+00:00
11679327719939184135,False,2024-04-10 16:22:35.995447+00:00
7212287425303481949,False,2024-04-10 16:22:35.995447+00:00
16876599030572145539,False,2024-04-10 16:22:35.995447+00:00
17064222566106437759,False,2024-04-10 16:22:35.995447+00:00
5710154306884529070,False,2024-04-10 16:22:35.995447+00:00
9183448786083349733,True,2024-04-10 16:22:35.995447+00:00
9878456179998468689,False,2024-04-10 16:22:35.995447+00:00
4717714482497438139,False,2024-04-10 16:22:35.995447+00:00
3009051648011670481,True,2024-04-10 16:22:35.995447+00:00
15569373968359497474,False,2024-04-10 16:22:35.995447+00:00
8360324973688209909,False,2024-04-10 16:22:35.995447+00:00
1796493356160526018,False,2024-04-10 16:22:35.995447+00:00
13267495454654548217,False,2024-04-10 16:22:35.995447+00:00
14143443110849149675,False,2024-04-10 16:22:35.995447+00:00
2142146853506251251,False,2024-04-10 16:22:35.995447+00:00
16730459171065370540,False,2024-04-10 16:22:35.995447+00:00
15355829646365900576,False,2024-04-10 16:22:35.995447+00:00
4605331335390658976,False,2024-04-10 16:22:35.995447+00:00
14477163452254010845,True,2024-04-10 16:22:35.995447+00:00
7198376957223099282,False,2024-04-10 16:22:35.995447+00:00
5084714442471389430,False,2024-04-10 16:22:35.995447+00:00
10210345861868217344,False,2024-04-10 16:22:35.995447+00:00
3863937867807146851,False,2024-04-10 16:22:35.995447+00:00
1898230776924434724,False,2024-04-10 16:22:35.995447+00:00
4214823005554194225,False,2024-04-10 16:22:35.995447+00:00
7904638895554092913,False,2024-04-10 16:22:35.995447+00:00
3551025027008700901,False,2024-04-10 16:22:35.995447+00:00
9034710189507855365,False,2024-04-10 16:22:35.995447+00:00
2358090513267610750,False,2024-04-10 16:22:35.995447+00:00
16738647774048801346,False,2024-04-10 16:22:35.995447+00:00
10834390002770350011,False,2024-04-10 16:22:35.995447+00:00
12783724429213551215,False,2024-04-10 16:22:35.995447+00:00
11552001940359848671,False,2024-04-10 16:22:35.995447+00:00
7362575580635015109,True,2024-04-10 16:22:35.995447+00:00
7743660332595679141,True,2024-04-10 16:22:35.995447+00:00
10837669206943256729,True,2024-04-10 16:22:35.995447+00:00
14231864971335255970,False,2024-04-10 16:22:35.995447+00:00
16389989134725141444,False,2024-04-10 16:22:35.995447+00:00
8856532070366042307,False,2024-04-10 16:22:35.995447+00:00
15897295577736830778,False,2024-04-10 16:22:35.995447+00:00
15953545892576763048,False,2024-04-10 16:22:35.995447+00:00
18092889077311757891,True,2024-04-10 16:22:35.995447+00:00
5235322303581499978,False,2024-04-10 16:22:35.995447+00:00
11701335972464770189,True,2024-04-10 16:22:35.995447+00:00
2762648670143046957,False,2024-04-10 16:22:35.995447+00:00
16791928855986437854,False,2024-04-10 16:22:35.995447+00:00
13734570979596755760,False,2024-04-10 16:22:35.995447+00:00
6877792221565726552,True,2024-04-10 16:22:35.995447+00:00
14544336561831928470,False,2024-04-10 16:22:35.995447+00:00
4122036447062213308,True,2024-04-10 16:22:35.995447+00:00
14677371979590992910,False,2024-04-10 16:22:35.995447+00:00
8210249645320504753,True,2024-04-10 16:22:35.995447+00:00
11932839904914618313,False,2024-04-10 16:22:35.995447+00:00
12233634155387039152,True,2024-04-10 16:22:35.995447+00:00
2299929438721845393,False,2024-04-10 16:22:35.995447+00:00
3291872877835585925,False,2024-04-10 16:22:35.995447+00:00
15458127098938630541,False,2024-04-10 16:22:35.995447+00:00
11630671590311022187,False,2024-04-10 16:22:35.995447+00:00
12984119859380723819,False,2024-04-10 16:22:35.995447+00:00
10943499532067481784,False,2024-04-10 16:22:35.995447+00:00
17848569498435264809,True,2024-04-10 16:22:35.995447+00:00
880316648669366318,False,2024-04-10 16:22:35.995447+00:00
5028861282645497649,False,2024-04-10 16:22:35.995447+00:00
4245370972215979029,True,2024-04-10 16:22:35.995447+00:00
5000248257406115919,False,2024-04-10 16:22:35.995447+00:00
16540681401575898638,False,2024-04-10 16:22:35.995447+00:00
6181641271301375992,False,2024-04-10 16:22:35.995447+00:00
11542320346653723249,False,2024-04-10 16:22:35.995447+00:00
9080253818141154585,False,2024-04-10 16:22:35.995447+00:00
572484806568520048,True,2024-04-10 16:22:35.995447+00:00
4870796165416462092,False,2024-04-10 16:22:35.995447+00:00
1931305032065497120,False,2024-04-10 16:22:35.995447+00:00
10634213440018809702,False,2024-04-10 16:22:35.995447+00:00
10198998457452545442,False,2024-04-10 16:22:35.995447+00:00
6384962079571654239,False,2024-04-10 16:22:35.995447+00:00
690859161262653852,False,2024-04-10 16:22:35.995447+00:00
6761339384757666553,False,2024-04-10 16:22:35.995447+00:00
13929443079725211302,False,2024-04-10 16:22:35.995447+00:00
3235150096299792764,False,2024-04-10 16:22:35.995447+00:00
1632309787670610213,False,2024-04-10 16:22:35.995447+00:00
13149993732217487097,False,2024-04-10 16:22:35.995447+00:00
4787455098073508522,False,2024-04-10 16:22:35.995447+00:00
4903669525980296939,False,2024-04-10 16:22:35.995447+00:00
7230422925248705534,False,2024-04-10 16:22:35.995447+00:00
12703389506710154583,False,2024-04-10 16:22:35.995447+00:00
9577771435133730572,False,2024-04-10 16:22:35.995447+00:00
2658237999833749121,False,2024-04-10 16:22:35.995447+00:00
626270171168404615,False,2024-04-10 16:22:35.995447+00:00
8866580684469197680,False,2024-04-10 16:22:35.995447+00:00
153450738283114426,True,2024-04-10 16:22:35.995447+00:00
15479706369912564611,False,2024-04-10 16:22:35.995447+00:00
16910247030157531765,False,2024-04-10 16:22:35.995447+00:00
4653237459607773045,True,2024-04-10 16:22:35.995447+00:00
15027399952990039162,False,2024-04-10 16:22:35.995447+00:00
6452183958072942284,False,2024-04-10 16:22:35.995447+00:00
13624059332408659489,True,2024-04-10 16:22:35.995447+00:00
9322011809645287432,False,2024-04-10 16:22:35.995447+00:00
5033934321969884943,False,2024-04-10 16:22:35.995447+00:00
9401366740202668952,False,2024-04-10 16:22:35.995447+00:00
14689129681756947027,False,2024-04-10 16:22:35.995447+00:00
18217068620810240608,False,2024-04-10 16:22:35.995447+00:00
8949743647636332440,False,2024-04-10 16:22:35.995447+00:00
298847124709577190,False,2024-04-10 16:22:35.995447+00:00
16686378504405303704,True,2024-04-10 16:22:35.995447+00:00
12347409917707621679,True,2024-04-10 16:22:35.995447+00:00
3395676927117936974,False,2024-04-10 16:22:35.995447+00:00
2395581614296885668,False,2024-04-10 16:22:35.995447+00:00
10923473010447953980,False,2024-04-10 16:22:35.995447+00:00
1699507415414248012,False,2024-04-10 16:22:35.995447+00:00
7832032757969325780,False,2024-04-10 16:22:35.995447+00:00
5001973951240466893,False,2024-04-10 16:22:35.995447+00:00
1011326561631224703,False,2024-04-10 16:22:35.995447+00:00
14582357235321676925,True,2024-04-10 16:22:35.995447+00:00
8473289814008377548,False,2024-04-10 16:22:35.995447+00:00
14981659176429600026,False,2024-04-10 16:22:35.995447+00:00
7575706205676533714,False,2024-04-10 16:22:35.995447+00:00
12537954280643966020,False,2024-04-10 16:22:35.995447+00:00
14528495785376711254,True,2024-04-10 16:22:35.995447+00:00
5348293127599613821,True,2024-04-10 16:22:35.995447+00:00
13206314783858963413,False,2024-04-10 16:22:35.995447+00:00
1078316868823996144,False,2024-04-10 16:22:35.995447+00:00
2837404587502610029,False,2024-04-10 16:22:35.995447+00:00
13052893401530944724,False,2024-04-10 16:22:35.995447+00:00
4839681308579570137,False,2024-04-10 16:22:35.995447+00:00
2986351109714902889,False,2024-04-10 16:22:35.995447+00:00
13206314783858963413,False,2024-04-10 16:22:35.995447+00:00
15742413881594569695,False,2024-04-10 16:22:35.995447+00:00
17891112555628673935,False,2024-04-10 16:22:35.995447+00:00
5318012637533075216,False,2024-04-10 16:22:35.995447+00:00
13353646084982689509,False,2024-04-10 16:22:35.995447+00:00
673707858225515608,False,2024-04-10 16:22:35.995447+00:00
7808556695970879013,True,2024-04-10 16:22:35.995447+00:00
1443706683672930705,False,2024-04-10 16:22:35.995447+00:00
12279167444780814166,False,2024-04-10 16:22:35.995447+00:00
6245657785939273646,False,2024-04-10 16:22:35.995447+00:00
7005712931146437423,False,2024-04-10 16:22:35.995447+00:00
7443670883883766864,False,2024-04-10 16:22:35.995447+00:00
4811818706755907900,False,2024-04-10 16:22:35.995447+00:00
10793122533043388208,False,2024-04-10 16:22:35.995447+00:00
371973392958515602,True,2024-04-10 16:22:35.995447+00:00
11008755455988293345,False,2024-04-10 16:22:35.995447+00:00
8545868504695465390,False,2024-04-10 16:22:35.995447+00:00
10790335311010233715,False,2024-04-10 16:22:35.995447+00:00
3455668723147773771,False,2024-04-10 16:22:35.995447+00:00
4294505018571143044,False,2024-04-10 16:22:35.995447+00:00
16488135462507947481,False,2024-04-10 16:22:35.995447+00:00
16964143279651912426,False,2024-04-10 16:22:35.995447+00:00
13410081760077165552,False,2024-04-10 16:22:35.995447+00:00
7073156731799121796,False,2024-04-10 16:22:35.995447+00:00
1772491272069792440,False,2024-04-10 16:22:35.995447+00:00
2801397673211695688,False,2024-04-10 16:22:35.995447+00:00
6239144133241563295,False,2024-04-10 16:22:35.995447+00:00
11451563504800661236,False,2024-04-10 16:22:35.995447+00:00
7700984324611869467,False,2024-04-10 16:22:35.995447+00:00
16908447421599526394,False,2024-04-10 16:22:35.995447+00:00
13243789398411482121,False,2024-04-10 16:22:35.995447+00:00
8417043267886544203,False,2024-04-10 16:22:35.995447+00:00
6137542189168935168,True,2024-04-10 16:22:35.995447+00:00
6327639814421344226,False,2024-04-10 16:22:35.995447+00:00
13853300108590423468,False,2024-04-10 16:22:35.995447+00:00
16590359780229348921,False,2024-04-10 16:22:35.995447+00:00
2661840412650478745,False,2024-04-10 16:22:35.995447+00:00
3380363204146493689,False,2024-04-10 16:22:35.995447+00:00
6748825805648407,False,2024-04-10 16:22:35.995447+00:00
12968382278609851699,False,2024-04-10 16:22:35.995447+00:00
16771018825743572352,False,2024-04-10 16:22:35.995447+00:00
2889443337689534067,False,2024-04-10 16:22:35.995447+00:00
3475201986778727358,False,2024-04-10 16:22:35.995447+00:00
7940885058483486348,False,2024-04-10 16:22:35.995447+00:00
8667173045384925495,False,2024-04-10 16:22:35.995447+00:00
11807410179874164577,True,2024-04-10 16:22:35.995447+00:00
9006748677308332592,False,2024-04-10 16:22:35.995447+00:00
17207663700915620965,False,2024-04-10 16:22:35.995447+00:00
9907227273003301665,False,2024-04-10 16:22:35.995447+00:00
9270095978482781531,False,2024-04-10 16:22:35.995447+00:00
604179066729694554,False,2024-04-10 16:22:35.995447+00:00
11451753839541935006,False,2024-04-10 16:22:35.995447+00:00
13616448635588283338,False,2024-04-10 16:22:35.995447+00:00
11206261886845948200,False,2024-04-10 16:22:35.995447+00:00
14620700115987040040,False,2024-04-10 16:22:35.995447+00:00
10012719982489201806,False,2024-04-10 16:22:35.995447+00:00
4946063928272463422,False,2024-04-10 16:22:35.995447+00:00
16747596028060804409,False,2024-04-10 16:22:35.995447+00:00
3012156130590288461,False,2024-04-10 16:22:35.995447+00:00
13575943424036676871,True,2024-04-10 16:22:35.995447+00:00
3227157821626805087,False,2024-04-10 16:22:35.995447+00:00
7951311873630792011,False,2024-04-10 16:22:35.995447+00:00
6961870239769567404,False,2024-04-10 16:22:35.995447+00:00
5642566211684313802,False,2024-04-10 16:22:35.995447+00:00
7576047371602141443,False,2024-04-10 16:22:35.995447+00:00
1887340497921274553,False,2024-04-10 16:22:35.995447+00:00
13391728761628921120,False,2024-04-10 16:22:35.995447+00:00
14017262218857115174,False,2024-04-10 16:22:35.995447+00:00
7667903690514765406,False,2024-04-10 16:22:35.995447+00:00
17503738928579102277,False,2024-04-10 16:22:35.995447+00:00
269656099913380600,False,2024-04-10 16:22:35.995447+00:00
9993710632166043377,False,2024-04-10 16:22:35.995447+00:00
10136812427165219245,False,2024-04-10 16:22:35.995447+00:00
7292596160834927869,False,2024-04-10 16:22:35.995447+00:00
16736106912994884182,False,2024-04-10 16:22:35.995447+00:00
865243477220721291,False,2024-04-10 16:22:35.995447+00:00
17630109355664916946,False,2024-04-10 16:22:35.995447+00:00
16098561472564893085,False,2024-04-10 16:22:35.995447+00:00
15977261797858907560,False,2024-04-10 16:22:35.995447+00:00
17992623913013178031,False,2024-04-10 16:22:35.995447+00:00
12894029002435798153,False,2024-04-10 16:22:35.995447+00:00
8817356613298359278,False,2024-04-10 16:22:35.995447+00:00
13090219679840214860,False,2024-04-10 16:22:35.995447+00:00
12243209790651552990,False,2024-04-10 16:22:35.995447+00:00
10793122533043388208,False,2024-04-10 16:22:35.995447+00:00
17440244621594708452,False,2024-04-10 16:22:35.995447+00:00
2044581619524552430,False,2024-04-10 16:22:35.995447+00:00
15217832815428884919,False,2024-04-10 16:22:35.995447+00:00
11236520218346258840,False,2024-04-10 16:22:35.995447+00:00
10923473010447953980,False,2024-04-10 16:22:35.995447+00:00
7597645370046515419,False,2024-04-10 16:22:35.995447+00:00
5845317542458462538,False,2024-04-10 16:22:35.995447+00:00
16564745725317540140,True,2024-04-10 16:22:35.995447+00:00
7402545286660104549,False,2024-04-10 16:22:35.995447+00:00
4404813559923401822,False,2024-04-10 16:22:35.995447+00:00
18049031175767541321,False,2024-04-10 16:22:35.995447+00:00
10341029684026197522,False,2024-04-10 16:22:35.995447+00:00
3135797091091165078,False,2024-04-10 16:22:35.995447+00:00
6608554705731815075,False,2024-04-10 16:22:35.995447+00:00
764132651214457391,False,2024-04-10 16:22:35.995447+00:00
3632441324493776353,False,2024-04-10 16:22:35.995447+00:00
16001413382282083138,False,2024-04-10 16:22:35.995447+00:00
11454234396608999836,False,2024-04-10 16:22:35.995447+00:00
17741492841906006449,False,2024-04-10 16:22:35.995447+00:00
9491483771897592870,True,2024-04-10 16:22:35.995447+00:00
17539912153504160265,False,2024-04-10 16:22:35.995447+00:00
3541822212873344489,False,2024-04-10 16:22:35.995447+00:00
11270135141864311596,True,2024-04-10 16:22:35.995447+00:00
13228842130992747119,False,2024-04-10 16:22:35.995447+00:00
4810376220321508814,False,2024-04-10 16:22:35.995447+00:00
11910367328076304460,False,2024-04-10 16:22:35.995447+00:00
4565387906675799398,False,2024-04-10 16:22:35.995447+00:00
16896124433580263222,False,2024-04-10 16:22:35.995447+00:00
15124895246019389225,False,2024-04-10 16:22:35.995447+00:00
15056657090376013254,False,2024-04-10 16:22:35.995447+00:00
10136812427165219245,False,2024-04-10 16:22:35.995447+00:00
5937672345942804780,False,2024-04-10 16:22:35.995447+00:00
5660796879170483400,False,2024-04-10 16:22:35.995447+00:00
637670382098800910,False,2024-04-10 16:22:35.995447+00:00
1774169372005702190,False,2024-04-10 16:22:35.995447+00:00
469685377196636834,False,2024-04-10 16:22:35.995447+00:00
16149708868150121863,False,2024-04-10 16:22:35.995447+00:00
6173828894120579109,False,2024-04-10 16:22:35.995447+00:00
2328803815679395519,True,2024-04-10 16:22:35.995447+00:00
2985386911386377689,False,2024-04-10 16:22:35.995447+00:00
5479491270787184901,False,2024-04-10 16:22:35.995447+00:00
15814271748774295827,True,2024-04-10 16:22:35.995447+00:00
16711846508318600208,False,2024-04-10 16:22:35.995447+00:00
3457289420964508224,False,2024-04-10 16:22:35.995447+00:00
1628734687250893861,False,2024-04-10 16:22:35.995447+00:00
18200959021121154132,False,2024-04-10 16:22:35.995447+00:00
4833418866660429638,False,2024-04-10 16:22:35.995447+00:00
12574060260806114489,False,2024-04-10 16:22:35.995447+00:00
344647413515840828,False,2024-04-10 16:22:35.995447+00:00
9961844014393760484,False,2024-04-10 16:22:35.995447+00:00
6423956343265649442,True,2024-04-10 16:22:35.995447+00:00
14538121685368547566,True,2024-04-10 16:22:35.995447+00:00
10294381160816292590,False,2024-04-10 16:22:35.995447+00:00
10032553454190479708,False,2024-04-10 16:22:35.995447+00:00
8661446196647424456,True,2024-04-10 16:22:35.995447+00:00
14997151750635680061,False,2024-04-10 16:22:35.995447+00:00
746036518458638397,False,2024-04-10 16:22:35.995447+00:00
1602309639782989988,False,2024-04-10 16:22:35.995447+00:00
3166575266106795888,True,2024-04-10 16:22:35.995447+00:00
6020275553041127478,False,2024-04-10 16:22:35.995447+00:00
5977757249046301986,False,2024-04-10 16:22:35.995447+00:00
10348091735723425764,False,2024-04-10 16:22:35.995447+00:00
12953207206299115230,False,2024-04-10 16:22:35.995447+00:00
5946297534609608047,False,2024-04-10 16:22:35.995447+00:00
8661797773468225193,False,2024-04-10 16:22:35.995447+00:00
15588476692570190137,False,2024-04-10 16:22:35.995447+00:00
11303875631166787968,False,2024-04-10 16:22:35.995447+00:00
5541826677199860288,False,2024-04-10 16:22:35.995447+00:00
13864230015448142728,False,2024-04-10 16:22:35.995447+00:00
769280764379075769,False,2024-04-10 16:22:35.995447+00:00
9450417418836819072,True,2024-04-10 16:22:35.995447+00:00
3647888900074621394,False,2024-04-10 16:22:35.995447+00:00
14023908096935041737,False,2024-04-10 16:22:35.995447+00:00
14266848791970113069,False,2024-04-10 16:22:35.995447+00:00
5576325422560200972,False,2024-04-10 16:22:35.995447+00:00
2733330186672307333,False,2024-04-10 16:22:35.995447+00:00
13442371805086580954,False,2024-04-10 16:22:35.995447+00:00
12329539178418967771,False,2024-04-10 16:22:35.995447+00:00
5393058851803278103,False,2024-04-10 16:22:35.995447+00:00
8309479267251927546,False,2024-04-10 16:22:35.995447+00:00
15622469881432732153,False,2024-04-10 16:22:35.995447+00:00
8877219547767298496,False,2024-04-10 16:22:35.995447+00:00
12426602895442203865,False,2024-04-10 16:22:35.995447+00:00
7308290461143088566,False,2024-04-10 16:22:35.995447+00:00
2719720838349329764,False,2024-04-10 16:22:35.995447+00:00
6626198409268659080,True,2024-04-10 16:22:35.995447+00:00
5236233050351961669,True,2024-04-10 16:22:35.995447+00:00
14355239730194759136,False,2024-04-10 16:22:35.995447+00:00
6559838684156124106,False,2024-04-10 16:22:35.995447+00:00
11810219627730922024,False,2024-04-10 16:22:35.995447+00:00
14263560938772369594,False,2024-04-10 16:22:35.995447+00:00
3465723533490323961,True,2024-04-10 16:22:35.995447+00:00
8097081780891272396,False,2024-04-10 16:22:35.995447+00:00
3484290720172600257,False,2024-04-10 16:22:35.995447+00:00
13394611791070710882,False,2024-04-10 16:22:35.995447+00:00
8357798536117293697,False,2024-04-10 16:22:35.995447+00:00
3959178498560431849,False,2024-04-10 16:22:35.995447+00:00
15926444092926895497,False,2024-04-10 16:22:35.995447+00:00
9544674696969752205,False,2024-04-10 16:22:35.995447+00:00
13637219673357816710,False,2024-04-10 16:22:35.995447+00:00
9960401599793923657,False,2024-04-10 16:22:35.995447+00:00
10222275933850815277,False,2024-04-10 16:22:35.995447+00:00
10877572473737655149,False,2024-04-10 16:22:35.995447+00:00
6645084847679355234,False,2024-04-10 16:22:35.995447+00:00
3319699643614755628,False,2024-04-10 16:22:35.995447+00:00
4380553608101500373,True,2024-04-10 16:22:35.995447+00:00
10529736621918251176,False,2024-04-10 16:22:35.995447+00:00
10845177652987034706,False,2024-04-10 16:22:35.995447+00:00
17020261557889423120,False,2024-04-10 16:22:35.995447+00:00
14918523940462210683,False,2024-04-10 16:22:35.995447+00:00
11042989661326641964,True,2024-04-10 16:22:35.995447+00:00
12371586031143425877,False,2024-04-10 16:22:35.995447+00:00
13930539035507550254,False,2024-04-10 16:22:35.995447+00:00
4095293804966032187,True,2024-04-10 16:22:35.995447+00:00
6512338913873522499,False,2024-04-10 16:22:35.995447+00:00
7313628427050479255,False,2024-04-10 16:22:35.995447+00:00
16331990495162999468,False,2024-04-10 16:22:35.995447+00:00
7447344206421782750,False,2024-04-10 16:22:35.995447+00:00
16057146572985206061,False,2024-04-10 16:22:35.995447+00:00
2319414226527752978,False,2024-04-10 16:22:35.995447+00:00
8120525111634921853,False,2024-04-10 16:22:35.995447+00:00
9089840861558206,False,2024-04-10 16:22:35.995447+00:00
5015020312820249181,True,2024-04-10 16:22:35.995447+00:00
5332644193126501475,False,2024-04-10 16:22:35.995447+00:00
387582467895741371,True,2024-04-10 16:22:35.995447+00:00
7285089179853452865,False,2024-04-10 16:22:35.995447+00:00
3651405570264549929,True,2024-04-10 16:22:35.995447+00:00
4291615105079580835,False,2024-04-10 16:22:35.995447+00:00
13741140953213355914,False,2024-04-10 16:22:35.995447+00:00
9630016870627751222,False,2024-04-10 16:22:35.995447+00:00
10211257401010460766,False,2024-04-10 16:22:35.995447+00:00
3009051648011670481,True,2024-04-10 16:22:35.995447+00:00
6260488463766748143,False,2024-04-10 16:22:35.995447+00:00
17367564401017022702,False,2024-04-10 16:22:35.995447+00:00
6645987015719279762,False,2024-04-10 16:22:35.995447+00:00
7896537804027750717,False,2024-04-10 16:22:35.995447+00:00
5958702370374112211,False,2024-04-10 16:22:35.995447+00:00
16399560864046289313,False,2024-04-10 16:22:35.995447+00:00
13182795338988988464,False,2024-04-10 16:22:35.995447+00:00
18046757015270471870,False,2024-04-10 16:22:35.995447+00:00
9999058454882316835,False,2024-04-10 16:22:35.995447+00:00
3181893522430316016,False,2024-04-10 16:22:35.995447+00:00
6059043034188373405,True,2024-04-10 16:22:35.995447+00:00
17445137848696242153,True,2024-04-10 16:22:35.995447+00:00
4679135820086647245,False,2024-04-10 16:22:35.995447+00:00
15150037035783320555,False,2024-04-10 16:22:35.995447+00:00
13459137139688332830,False,2024-04-10 16:22:35.995447+00:00
9574156216940993086,False,2024-04-10 16:22:35.995447+00:00
4509224338754221622,True,2024-04-10 16:22:35.995447+00:00
14023586556875485835,False,2024-04-10 16:22:35.995447+00:00
1515510246325514903,False,2024-04-10 16:22:35.995447+00:00
3397802979328271449,False,2024-04-10 16:22:35.995447+00:00
14522156192789373045,False,2024-04-10 16:22:35.995447+00:00
5917740936437983473,True,2024-04-10 16:22:35.995447+00:00
4115097999152959446,False,2024-04-10 16:22:35.995447+00:00
17926117709959204971,False,2024-04-10 16:22:35.995447+00:00
17166744382283829393,False,2024-04-10 16:22:35.995447+00:00
935134080108865869,False,2024-04-10 16:22:35.995447+00:00
458218849928455460,False,2024-04-10 16:22:35.995447+00:00
3319181976470987328,False,2024-04-10 16:22:35.995447+00:00
2411925556551691530,False,2024-04-10 16:22:35.995447+00:00
16387813339477059714,False,2024-04-10 16:22:35.995447+00:00
5265324566670866810,False,2024-04-10 16:22:35.995447+00:00
15009355283818229732,False,2024-04-10 16:22:35.995447+00:00
11196261517665840652,False,2024-04-10 16:22:35.995447+00:00
10549329200051462595,False,2024-04-10 16:22:35.995447+00:00
3656948291596651099,True,2024-04-10 16:22:35.995447+00:00
7605458524372259411,False,2024-04-10 16:22:35.995447+00:00
7691116320229262062,False,2024-04-10 16:22:35.995447+00:00
15996089993441308827,False,2024-04-10 16:22:35.995447+00:00
7112038190854675075,False,2024-04-10 16:22:35.995447+00:00
13208778378407934884,False,2024-04-10 16:22:35.995447+00:00
9270095978482781531,False,2024-04-10 16:22:35.995447+00:00
8528583444454963085,True,2024-04-10 16:22:35.995447+00:00
3879416077040966997,False,2024-04-10 16:22:35.995447+00:00
15707756532973440778,False,2024-04-10 16:22:35.995447+00:00
6512338913873522499,False,2024-04-10 16:22:35.995447+00:00
1761844931598801004,False,2024-04-10 16:22:35.995447+00:00
9059276903687083586,False,2024-04-10 16:22:35.995447+00:00
12555930493161835383,False,2024-04-10 16:22:35.995447+00:00
15742413881594569695,False,2024-04-10 16:22:35.995447+00:00
16010257133889982341,True,2024-04-10 16:22:35.995447+00:00
10506702690454005994,False,2024-04-10 16:22:35.995447+00:00
17233753453816793086,False,2024-04-10 16:22:35.995447+00:00
11626317673780415476,False,2024-04-10 16:22:35.995447+00:00
1692030310131992284,False,2024-04-10 16:22:35.995447+00:00
9451672116098996968,False,2024-04-10 16:22:35.995447+00:00
1581794356209539059,False,2024-04-10 16:22:35.995447+00:00
7284957738027946056,False,2024-04-10 16:22:35.995447+00:00
12428481350735312616,True,2024-04-10 16:22:35.995447+00:00
2984915597261312206,False,2024-04-10 16:22:35.995447+00:00
5575578340947964267,False,2024-04-10 16:22:35.995447+00:00
9797782021225721173,False,2024-04-10 16:22:35.995447+00:00
6056144598784717031,False,2024-04-10 16:22:35.995447+00:00
2001020816394892945,False,2024-04-10 16:22:35.995447+00:00
9352983059360152688,False,2024-04-10 16:22:35.995447+00:00
1864115381646114435,False,2024-04-10 16:22:35.995447+00:00
14132619937496718566,False,2024-04-10 16:22:35.995447+00:00
14085144107539951338,False,2024-04-10 16:22:35.995447+00:00
13961940516945365886,False,2024-04-10 16:22:35.995447+00:00
9638764757754168975,False,2024-04-10 16:22:35.995447+00:00
7295440613324517144,False,2024-04-10 16:22:35.995447+00:00
14742351979190440028,True,2024-04-10 16:22:35.995447+00:00
546484776153254803,True,2024-04-10 16:22:35.995447+00:00
14779005342800411282,False,2024-04-10 16:22:35.995447+00:00
4362349796241570062,False,2024-04-10 16:22:35.995447+00:00
7597645370046515419,False,2024-04-10 16:22:35.995447+00:00
2443047793701500470,False,2024-04-10 16:22:35.995447+00:00
10730489912365166133,True,2024-04-10 16:22:35.995447+00:00
3194838113370261406,False,2024-04-10 16:22:35.995447+00:00
9587788610528436851,False,2024-04-10 16:22:35.995447+00:00
14128350009989330277,False,2024-04-10 16:22:35.995447+00:00
14779890750356014438,True,2024-04-10 16:22:35.995447+00:00
15129953174865044543,False,2024-04-10 16:22:35.995447+00:00
8400311416918257348,False,2024-04-10 16:22:35.995447+00:00
17605159560823437018,False,2024-04-10 16:22:35.995447+00:00
6444763856965612673,True,2024-04-10 16:22:35.995447+00:00
7179758901196821310,False,2024-04-10 16:22:35.995447+00:00
2156289035323880852,False,2024-04-10 16:22:35.995447+00:00
11862650628000896405,False,2024-04-10 16:22:35.995447+00:00
311406904214482767,True,2024-04-10 16:22:35.995447+00:00
2132797594970777260,False,2024-04-10 16:22:35.995447+00:00
7125350828169871762,False,2024-04-10 16:22:35.995447+00:00
19760312313029640,False,2024-04-10 16:22:35.995447+00:00
3395676927117936974,False,2024-04-10 16:22:35.995447+00:00
10904884196554259007,False,2024-04-10 16:22:35.995447+00:00
8298787789883273098,False,2024-04-10 16:22:35.995447+00:00
16452261448441293323,False,2024-04-10 16:22:35.995447+00:00
14161431945907777090,False,2024-04-10 16:22:35.995447+00:00
3701287281845448090,False,2024-04-10 16:22:35.995447+00:00
3571890436748493045,False,2024-04-10 16:22:35.995447+00:00
3257151254521888772,False,2024-04-10 16:22:35.995447+00:00
15366216148395704688,False,2024-04-10 16:22:35.995447+00:00
8845370235729269845,False,2024-04-10 16:22:35.995447+00:00
7525919659140323638,False,2024-04-10 16:22:35.995447+00:00
2908076732130273971,True,2024-04-10 16:22:35.995447+00:00
4270034555888596466,False,2024-04-10 16:22:35.995447+00:00
8967187163885808886,False,2024-04-10 16:22:35.995447+00:00
11983050864462858601,True,2024-04-10 16:22:35.995447+00:00
6889421631277411261,False,2024-04-10 16:22:35.995447+00:00
13685251774959568421,False,2024-04-10 16:22:35.995447+00:00
6905637249477572407,True,2024-04-10 16:22:35.995447+00:00
14438074936534146582,False,2024-04-10 16:22:35.995447+00:00
847523944341081467,True,2024-04-10 16:22:35.995447+00:00
13776004588290416742,False,2024-04-10 16:22:35.995447+00:00
893792206422560238,True,2024-04-10 16:22:35.995447+00:00
7244735424959131113,False,2024-04-10 16:22:35.995447+00:00
5441324767318017323,False,2024-04-10 16:22:35.995447+00:00
16607002935528049946,False,2024-04-10 16:22:35.995447+00:00
11985729342462170597,False,2024-04-10 16:22:35.995447+00:00
6493128531172942481,False,2024-04-10 16:22:35.995447+00:00
6067607847247784525,False,2024-04-10 16:22:35.995447+00:00
317542171587009652,False,2024-04-10 16:22:35.995447+00:00
10731094564191573577,False,2024-04-10 16:22:35.995447+00:00
1472335668595117748,False,2024-04-10 16:22:35.995447+00:00
12676589747777868838,False,2024-04-10 16:22:35.995447+00:00
9998359207902428974,False,2024-04-10 16:22:35.995447+00:00
17156023748353685423,False,2024-04-10 16:22:35.995447+00:00
16992715378254429545,False,2024-04-10 16:22:35.995447+00:00
18142527757191230809,False,2024-04-10 16:22:35.995447+00:00
9741933222874873964,False,2024-04-10 16:22:35.995447+00:00
8115749096329681409,False,2024-04-10 16:22:35.995447+00:00
8183605191531132689,False,2024-04-10 16:22:35.995447+00:00
2999605616081730316,False,2024-04-10 16:22:35.995447+00:00
8586812341110914618,False,2024-04-10 16:22:35.995447+00:00
11028252109781153620,False,2024-04-10 16:22:35.995447+00:00
18212653098388943930,False,2024-04-10 16:22:35.995447+00:00
4876436022411035413,False,2024-04-10 16:22:35.995447+00:00
6873543543381768301,True,2024-04-10 16:22:35.995447+00:00
7449896428624360080,False,2024-04-10 16:22:35.995447+00:00
10170021909257569062,False,2024-04-10 16:22:35.995447+00:00
3119115486423828703,False,2024-04-10 16:22:35.995447+00:00
14460855743994983845,False,2024-04-10 16:22:35.995447+00:00
12559303271249568075,False,2024-04-10 16:22:35.995447+00:00
14126649963065227123,False,2024-04-10 16:22:35.995447+00:00
5319851661585243495,False,2024-04-10 16:22:35.995447+00:00
11342631256861838980,False,2024-04-10 16:22:35.995447+00:00
12586550775845040896,False,2024-04-10 16:22:35.995447+00:00
14100241580511189036,False,2024-04-10 16:22:35.995447+00:00
169069151048313270,False,2024-04-10 16:22:35.995447+00:00
261281961449848218,False,2024-04-10 16:22:35.995447+00:00
12574060260806114489,False,2024-04-10 16:22:35.995447+00:00
11917312197817976987,False,2024-04-10 16:22:35.995447+00:00
12370458474799044205,True,2024-04-10 16:22:35.995447+00:00
14347115987623458179,False,2024-04-10 16:22:35.995447+00:00
5541826677199860288,False,2024-04-10 16:22:35.995447+00:00
3806166352562054472,False,2024-04-10 16:22:35.995447+00:00
17627705533452270518,False,2024-04-10 16:22:35.995447+00:00
3478365501648519532,True,2024-04-10 16:22:35.995447+00:00
661611046224019656,False,2024-04-10 16:22:35.995447+00:00
17492210563116631326,False,2024-04-10 16:22:35.995447+00:00
2597391080847059064,True,2024-04-10 16:22:35.995447+00:00
5172868701837622709,False,2024-04-10 16:22:35.995447+00:00
1756543511449103552,False,2024-04-10 16:22:35.995447+00:00
2474300778759774849,False,2024-04-10 16:22:35.995447+00:00
10736276854703962355,False,2024-04-10 16:22:35.995447+00:00
8632014200761019884,False,2024-04-10 16:22:35.995447+00:00
7796026594335629843,False,2024-04-10 16:22:35.995447+00:00
16551854380291840993,True,2024-04-10 16:22:35.995447+00:00
11961918875875275355,False,2024-04-10 16:22:35.995447+00:00
9246386896653462252,True,2024-04-10 16:22:35.995447+00:00
4612442800855294879,False,2024-04-10 16:22:35.995447+00:00
9159594733234258407,False,2024-04-10 16:22:35.995447+00:00
7273860333891568785,False,2024-04-10 16:22:35.995447+00:00
17685576157971587392,False,2024-04-10 16:22:35.995447+00:00
13011547394092014477,False,2024-04-10 16:22:35.995447+00:00
10470774747867629705,False,2024-04-10 16:22:35.995447+00:00
6153842245812562608,True,2024-04-10 16:22:35.995447+00:00
209136052598268217,False,2024-04-10 16:22:35.995447+00:00
15785957224973974003,False,2024-04-10 16:22:35.995447+00:00
9862032814741604892,False,2024-04-10 16:22:35.995447+00:00
12428190508424116744,True,2024-04-10 16:22:35.995447+00:00
6512338913873522499,False,2024-04-10 16:22:35.995447+00:00
12574060260806114489,False,2024-04-10 16:22:35.995447+00:00
2275500338430968913,False,2024-04-10 16:22:35.995447+00:00
1321418846949760642,False,2024-04-10 16:22:35.995447+00:00
15415817609059442061,False,2024-04-10 16:22:35.995447+00:00
17390982953347716357,False,2024-04-10 16:22:35.995447+00:00
11719683567384913468,False,2024-04-10 16:22:35.995447+00:00
5772408630019274434,False,2024-04-10 16:22:35.995447+00:00
5358506264625216887,False,2024-04-10 16:22:35.995447+00:00
16399560864046289313,False,2024-04-10 16:22:35.995447+00:00
18389584453754653880,False,2024-04-10 16:22:35.995447+00:00
8135913286652561621,False,2024-04-10 16:22:35.995447+00:00
11493562002182637451,False,2024-04-10 16:22:35.995447+00:00
18022912437649080784,False,2024-04-10 16:22:35.995447+00:00
2287303467277711892,False,2024-04-10 16:22:35.995447+00:00
979327519045573671,False,2024-04-10 16:22:35.995447+00:00
10355347223748487180,False,2024-04-10 16:22:35.995447+00:00
8166532737360477560,False,2024-04-10 16:22:35.995447+00:00
17412219157573761739,False,2024-04-10 16:22:35.995447+00:00
17256130584558214581,False,2024-04-10 16:22:35.995447+00:00
7646898062647034133,True,2024-04-10 16:22:35.995447+00:00
1275119860368735268,False,2024-04-10 16:22:35.995447+00:00
15169488102902342789,True,2024-04-10 16:22:35.995447+00:00
9279536038615812316,False,2024-04-10 16:22:35.995447+00:00
12280676956037560864,True,2024-04-10 16:22:35.995447+00:00
14617969904570477143,True,2024-04-10 16:22:35.995447+00:00
1796493356160526018,False,2024-04-10 16:22:35.995447+00:00
11232984666177869401,False,2024-04-10 16:22:35.995447+00:00
16341505156425472732,False,2024-04-10 16:22:35.995447+00:00
3230020739903821047,False,2024-04-10 16:22:35.995447+00:00
10840121843109140615,False,2024-04-10 16:22:35.995447+00:00
3066221750387474345,False,2024-04-10 16:22:35.995447+00:00
7974744499682589484,False,2024-04-10 16:22:35.995447+00:00
5944921499589263331,False,2024-04-10 16:22:35.995447+00:00
5774617816724873228,False,2024-04-10 16:22:35.995447+00:00
11160022264740449696,False,2024-04-10 16:22:35.995447+00:00
16932052024935773593,False,2024-04-10 16:22:35.995447+00:00
5673219169235286461,False,2024-04-10 16:22:35.995447+00:00
15887501747627097689,True,2024-04-10 16:22:35.995447+00:00
16508328046515201697,False,2024-04-10 16:22:35.995447+00:00
16113871886073010588,False,2024-04-10 16:22:35.995447+00:00
7414437010938785616,False,2024-04-10 16:22:35.995447+00:00
9528883174779170961,True,2024-04-10 16:22:35.995447+00:00
16371832587539222907,False,2024-04-10 16:22:35.995447+00:00
14779771836924088373,False,2024-04-10 16:22:35.995447+00:00
7921747662563313968,False,2024-04-10 16:22:35.995447+00:00
564166330532273071,False,2024-04-10 16:22:35.995447+00:00
6663490310435253398,True,2024-04-10 16:22:35.995447+00:00
14129337745444747548,False,2024-04-10 16:22:35.995447+00:00
17898243944193524794,False,2024-04-10 16:22:35.995447+00:00
861647195336523569,False,2024-04-10 16:22:35.995447+00:00
14199325235503518409,False,2024-04-10 16:22:35.995447+00:00
3397645544050356920,False,2024-04-10 16:22:35.995447+00:00
1029285527826639616,False,2024-04-10 16:22:35.995447+00:00
12087914738842187588,False,2024-04-10 16:22:35.995447+00:00
8116900462149302551,False,2024-04-10 16:22:35.995447+00:00
1983327473959656564,False,2024-04-10 16:22:35.995447+00:00
2082076948683313701,False,2024-04-10 16:22:35.995447+00:00
11817178404891687883,False,2024-04-10 16:22:35.995447+00:00
515599611588574748,False,2024-04-10 16:22:35.995447+00:00
15548995202854171921,False,2024-04-10 16:22:35.995447+00:00
3923504220229376989,False,2024-04-10 16:22:35.995447+00:00
16217771495976947481,False,2024-04-10 16:22:35.995447+00:00
8034188473199585723,False,2024-04-10 16:22:35.995447+00:00
14601463904294069806,False,2024-04-10 16:22:35.995447+00:00
12633220420733904371,True,2024-04-10 16:22:35.995447+00:00
2425156721838004301,False,2024-04-10 16:22:35.995447+00:00
13701185212508148503,False,2024-04-10 16:22:35.995447+00:00
4409574799378132957,False,2024-04-10 16:22:35.995447+00:00
13033051160277115531,False,2024-04-10 16:22:35.995447+00:00
6220686457381000285,False,2024-04-10 16:22:35.995447+00:00
8610927044429687073,False,2024-04-10 16:22:35.995447+00:00
8119937367381970608,False,2024-04-10 16:22:35.995447+00:00
13431758896608609426,False,2024-04-10 16:22:35.995447+00:00
8297633980267900114,False,2024-04-10 16:22:35.995447+00:00
6541992471006070620,False,2024-04-10 16:22:35.995447+00:00
3636783152891254016,False,2024-04-10 16:22:35.995447+00:00
13530915223112672888,False,2024-04-10 16:22:35.995447+00:00
14677371979590992910,False,2024-04-10 16:22:35.995447+00:00
7222984786257371420,False,2024-04-10 16:22:35.995447+00:00
14528495785376711254,True,2024-04-10 16:22:35.995447+00:00
16721203810663312926,False,2024-04-10 16:22:35.995447+00:00
11107756643354854339,False,2024-04-10 16:22:35.995447+00:00
10117612717456708861,False,2024-04-10 16:22:35.995447+00:00
1597128988734003685,False,2024-04-10 16:22:35.995447+00:00
15006360127741322626,False,2024-04-10 16:22:35.995447+00:00
11246881611200725763,False,2024-04-10 16:22:35.995447+00:00
14556808847434486474,False,2024-04-10 16:22:35.995447+00:00
3009051648011670481,True,2024-04-10 16:22:35.995447+00:00
13382903864471622338,True,2024-04-10 16:22:35.995447+00:00
6259633140790995763,False,2024-04-10 16:22:35.995447+00:00
13476095985389130474,False,2024-04-10 16:22:35.995447+00:00
1757149730646302906,True,2024-04-10 16:22:35.995447+00:00
9136401941559790791,True,2024-04-10 16:22:35.995447+00:00
17796717965786452239,False,2024-04-10 16:22:35.995447+00:00
4406388739031170414,False,2024-04-10 16:22:35.995447+00:00
6932053318670739848,False,2024-04-10 16:22:35.995447+00:00
16076504630203603781,False,2024-04-10 16:22:35.995447+00:00
9738593374266809857,False,2024-04-10 16:22:35.995447+00:00
16543758606749228668,True,2024-04-10 16:22:35.995447+00:00
6964830169172175077,False,2024-04-10 16:22:35.995447+00:00
5300270060667241483,False,2024-04-10 16:22:35.995447+00:00
6156713949576468245,False,2024-04-10 16:22:35.995447+00:00
10149951907488398364,False,2024-04-10 16:22:35.995447+00:00
4645223742864414086,False,2024-04-10 16:22:35.995447+00:00
15881909165848026810,False,2024-04-10 16:22:35.995447+00:00
15886949700768813398,True,2024-04-10 16:22:35.995447+00:00
6426793075595938946,True,2024-04-10 16:22:35.995447+00:00
10767785905966400488,False,2024-04-10 16:22:35.995447+00:00
3693860624037213536,False,2024-04-10 16:22:35.995447+00:00
10363981281316053952,False,2024-04-10 16:22:35.995447+00:00
13864230015448142728,False,2024-04-10 16:22:35.995447+00:00
8009148359743070420,False,2024-04-10 16:22:35.995447+00:00
5694141548955101555,True,2024-04-10 16:22:35.995447+00:00
1368182037661284867,True,2024-04-10 16:22:35.995447+00:00
8898547420413149381,False,2024-04-10 16:22:35.995447+00:00
6724214195767880564,False,2024-04-10 16:22:35.995447+00:00
4242617111338281682,False,2024-04-10 16:22:35.995447+00:00
11117675382600984668,False,2024-04-10 16:22:35.995447+00:00
6494004411826107575,True,2024-04-10 16:22:35.995447+00:00
11692657179233287506,True,2024-04-10 16:22:35.995447+00:00
6700504174281441542,False,2024-04-10 16:22:35.995447+00:00
10857719653980196018,False,2024-04-10 16:22:35.995447+00:00
7822105652299879435,False,2024-04-10 16:22:35.995447+00:00
7944278487780598465,False,2024-04-10 16:22:35.995447+00:00
16166364027664191383,True,2024-04-10 16:22:35.995447+00:00
5307248787054207201,False,2024-04-10 16:22:35.995447+00:00
12418118054449707675,False,2024-04-10 16:22:35.995447+00:00
3769276803320786474,False,2024-04-10 16:22:35.995447+00:00
28398341033120839,False,2024-04-10 16:22:35.995447+00:00
20562532505625040,False,2024-04-10 16:22:35.995447+00:00
12585567267965511626,False,2024-04-10 16:22:35.995447+00:00
2837404587502610029,False,2024-04-10 16:22:35.995447+00:00
16624076756404164692,False,2024-04-10 16:22:35.995447+00:00
4445740702386776614,False,2024-04-10 16:22:35.995447+00:00
10763107950724470132,False,2024-04-10 16:22:35.995447+00:00
13642258471173877630,False,2024-04-10 16:22:35.995447+00:00
9189751465509770564,False,2024-04-10 16:22:35.995447+00:00
10222275933850815277,False,2024-04-10 16:22:35.995447+00:00
5358506264625216887,False,2024-04-10 16:22:35.995447+00:00
903231606298778760,False,2024-04-10 16:22:35.995447+00:00
4900482725299863551,False,2024-04-10 16:22:35.995447+00:00
5986194165180472770,False,2024-04-10 16:22:35.995447+00:00
12397357941016083464,False,2024-04-10 16:22:35.995447+00:00
14138615389790950310,False,2024-04-10 16:22:35.995447+00:00
4707139136957978264,False,2024-04-10 16:22:35.995447+00:00
9750975316580631177,False,2024-04-10 16:22:35.995447+00:00
2187480210504071113,False,2024-04-10 16:22:35.995447+00:00
10275940484860951008,False,2024-04-10 16:22:35.995447+00:00
5451399841229492054,True,2024-04-10 16:22:35.995447+00:00
3226736478284127931,False,2024-04-10 16:22:35.995447+00:00
9723227853300726462,False,2024-04-10 16:22:35.995447+00:00
3719633234634544112,False,2024-04-10 16:22:35.995447+00:00
2458246128881049292,False,2024-04-10 16:22:35.995447+00:00
7724946548943346991,False,2024-04-10 16:22:35.995447+00:00
9314349498885489999,False,2024-04-10 16:22:35.995447+00:00
10426901774640910383,True,2024-04-10 16:22:35.995447+00:00
10399336181692218838,False,2024-04-10 16:22:35.995447+00:00
3929337774296801453,False,2024-04-10 16:22:35.995447+00:00
12624273805559395732,False,2024-04-10 16:22:35.995447+00:00
7048685468053418120,False,2024-04-10 16:22:35.995447+00:00
13681067835443282302,False,2024-04-10 16:22:35.995447+00:00
10199491194125284273,False,2024-04-10 16:22:35.995447+00:00
15595744682997034841,False,2024-04-10 16:22:35.995447+00:00
14059912965898370296,False,2024-04-10 16:22:35.995447+00:00
1911640985197969304,False,2024-04-10 16:22:35.995447+00:00
14532593197534449492,False,2024-04-10 16:22:35.995447+00:00
5824346150453854554,False,2024-04-10 16:22:35.995447+00:00
2458246128881049292,False,2024-04-10 16:22:35.995447+00:00
16027165047415113491,False,2024-04-10 16:22:35.995447+00:00
17292095424777402636,False,2024-04-10 16:22:35.995447+00:00
17139974785364858295,False,2024-04-10 16:22:35.995447+00:00
18115824086356273337,False,2024-04-10 16:22:35.995447+00:00
6876003743834381922,True,2024-04-10 16:22:35.995447+00:00
14760230950645752137,False,2024-04-10 16:22:35.995447+00:00
8389556046243495269,False,2024-04-10 16:22:35.995447+00:00
5971985833038589450,False,2024-04-10 16:22:35.995447+00:00
8120525111634921853,False,2024-04-10 16:22:35.995447+00:00
14649585008348237816,False,2024-04-10 16:22:35.995447+00:00
5860856013308754117,False,2024-04-10 16:22:35.995447+00:00
7929218648371808909,True,2024-04-10 16:22:35.995447+00:00
17289983063481184098,False,2024-04-10 16:22:35.995447+00:00
4059237843671128558,False,2024-04-10 16:22:35.995447+00:00
10940221166729164190,False,2024-04-10 16:22:35.995447+00:00
6945285202300640278,False,2024-04-10 16:22:35.995447+00:00
7025814271141409991,False,2024-04-10 16:22:35.995447+00:00
5571750335889732873,False,2024-04-10 16:22:35.995447+00:00
6343899468944073190,False,2024-04-10 16:22:35.995447+00:00
9877472787159456081,False,2024-04-10 16:22:35.995447+00:00
1978073198621906555,False,2024-04-10 16:22:35.995447+00:00
11990164188378335769,False,2024-04-10 16:22:35.995447+00:00
17536655742341832854,False,2024-04-10 16:22:35.995447+00:00
8853948752118394623,False,2024-04-10 16:22:35.995447+00:00
12716666051101835831,False,2024-04-10 16:22:35.995447+00:00
7347207616002942992,False,2024-04-10 16:22:35.995447+00:00
17784833129590014678,False,2024-04-10 16:22:35.995447+00:00
13224336707502849224,False,2024-04-10 16:22:35.995447+00:00
7651498490902003324,False,2024-04-10 16:22:35.995447+00:00
12103736528671617808,False,2024-04-10 16:22:35.995447+00:00
17813530662968422505,False,2024-04-10 16:22:35.995447+00:00
1959740329730001733,False,2024-04-10 16:22:35.995447+00:00
15538762593519478676,False,2024-04-10 16:22:35.995447+00:00
2389398165759742074,False,2024-04-10 16:22:35.995447+00:00
5903626450679789345,False,2024-04-10 16:22:35.995447+00:00
11603136661079031874,False,2024-04-10 16:22:35.995447+00:00
14104531409244563898,False,2024-04-10 16:22:35.995447+00:00
1302851366551778017,False,2024-04-10 16:22:35.995447+00:00
10309953011476928508,False,2024-04-10 16:22:35.995447+00:00
10626079362267824257,False,2024-04-10 16:22:35.995447+00:00
8235637116153187709,False,2024-04-10 16:22:35.995447+00:00
16306393937783455236,False,2024-04-10 16:22:35.995447+00:00
5912961360745644175,False,2024-04-10 16:22:35.995447+00:00
13866881252335516315,False,2024-04-10 16:22:35.995447+00:00
8906472362083833421,False,2024-04-10 16:22:35.995447+00:00
16920514554080195683,True,2024-04-10 16:22:35.995447+00:00
3336734228059384751,False,2024-04-10 16:22:35.995447+00:00
12587184270139238247,False,2024-04-10 16:22:35.995447+00:00
4196044755340366675,False,2024-04-10 16:22:35.995447+00:00
11422796626988195757,False,2024-04-10 16:22:35.995447+00:00
14943141836433479470,False,2024-04-10 16:22:35.995447+00:00
13652002558139016447,False,2024-04-10 16:22:35.995447+00:00
6418432542927262068,False,2024-04-10 16:22:35.995447+00:00
13361991619749050491,False,2024-04-10 16:22:35.995447+00:00
17468840989631561027,False,2024-04-10 16:22:35.995447+00:00
14887069426796874734,False,2024-04-10 16:22:35.995447+00:00
10366132971301660020,False,2024-04-10 16:22:35.995447+00:00
3860239555214617633,False,2024-04-10 16:22:35.995447+00:00
10604131352248639817,False,2024-04-10 16:22:35.995447+00:00
11640442948318659648,False,2024-04-10 16:22:35.995447+00:00
12191367884084409510,False,2024-04-10 16:22:35.995447+00:00
18178944621692958185,False,2024-04-10 16:22:35.995447+00:00
15854825075378246226,False,2024-04-10 16:22:35.995447+00:00
4214392110175793017,False,2024-04-10 16:22:35.995447+00:00
5387190452029478690,True,2024-04-10 16:22:35.995447+00:00
4903669525980296939,False,2024-04-10 16:22:35.995447+00:00
13358684084857356325,False,2024-04-10 16:22:35.995447+00:00
3522883778924401899,False,2024-04-10 16:22:35.995447+00:00
5031490371061500477,True,2024-04-10 16:22:35.995447+00:00
15432289161467288729,False,2024-04-10 16:22:35.995447+00:00
8580539912296565878,True,2024-04-10 16:22:35.995447+00:00
12112602617933990440,False,2024-04-10 16:22:35.995447+00:00
3114614745090882095,False,2024-04-10 16:22:35.995447+00:00
9408146276235010549,False,2024-04-10 16:22:35.995447+00:00
3691393393750012237,False,2024-04-10 16:22:35.995447+00:00
13608277716416353720,False,2024-04-10 16:22:35.995447+00:00
2180302285646426495,False,2024-04-10 16:22:35.995447+00:00
6648188157751292479,False,2024-04-10 16:22:35.995447+00:00
9914954829038141623,False,2024-04-10 16:22:35.995447+00:00
3104297123834382758,False,2024-04-10 16:22:35.995447+00:00
1524043754137433587,False,2024-04-10 16:22:35.995447+00:00
6512338913873522499,False,2024-04-10 16:22:35.995447+00:00
3625278906032119710,False,2024-04-10 16:22:35.995447+00:00
15567326205012064342,False,2024-04-10 16:22:35.995447+00:00
13308214711605990841,False,2024-04-10 16:22:35.995447+00:00
2020818768753231838,False,2024-04-10 16:22:35.995447+00:00
2032797793097930306,False,2024-04-10 16:22:35.995447+00:00
12967630931857240823,False,2024-04-10 16:22:35.995447+00:00
744348819246459939,False,2024-04-10 16:22:35.995447+00:00
1085521289731118949,False,2024-04-10 16:22:35.995447+00:00
11091982008486788204,False,2024-04-10 16:22:35.995447+00:00
2796961165987403668,False,2024-04-10 16:22:35.995447+00:00
12250603833670839897,False,2024-04-10 16:22:35.995447+00:00
8335645139309515856,True,2024-04-10 16:22:35.995447+00:00
14673079561328173547,False,2024-04-10 16:22:35.995447+00:00
3311637688573638314,False,2024-04-10 16:22:35.995447+00:00
15299647653295783871,False,2024-04-10 16:22:35.995447+00:00
18011951194396745113,False,2024-04-10 16:22:35.995447+00:00
4590122259426979204,False,2024-04-10 16:22:35.995447+00:00
10848361335246443617,False,2024-04-10 16:22:35.995447+00:00
5583900664876109988,False,2024-04-10 16:22:35.995447+00:00
12042906281140746157,False,2024-04-10 16:22:35.995447+00:00
10316432877281597604,False,2024-04-10 16:22:35.995447+00:00
760135357881787415,False,2024-04-10 16:22:35.995447+00:00
14919707967734926084,False,2024-04-10 16:22:35.995447+00:00
15037161670116852879,False,2024-04-10 16:22:35.995447+00:00
16280028623968444295,False,2024-04-10 16:22:35.995447+00:00
17694464427104134086,True,2024-04-10 16:22:35.995447+00:00
6207341690352241354,False,2024-04-10 16:22:35.995447+00:00
11149974620529309187,False,2024-04-10 16:22:35.995447+00:00
9676153458494137493,False,2024-04-10 16:22:35.995447+00:00
13727982034856500236,False,2024-04-10 16:22:35.995447+00:00
12009462556781432306,False,2024-04-10 16:22:35.995447+00:00
6724214195767880564,False,2024-04-10 16:22:35.995447+00:00
8893139537820333599,False,2024-04-10 16:22:35.995447+00:00
16009900014065405178,False,2024-04-10 16:22:35.995447+00:00
17008085986730724528,False,2024-04-10 16:22:35.995447+00:00
13688749277190562978,True,2024-04-10 16:22:35.995447+00:00
6294020820234784108,False,2024-04-10 16:22:35.995447+00:00
13743696181740603567,False,2024-04-10 16:22:35.995447+00:00
6692699545539187842,False,2024-04-10 16:22:35.995447+00:00
8536198605174571127,False,2024-04-10 16:22:35.995447+00:00
13009849858946043549,False,2024-04-10 16:22:35.995447+00:00
8812971076323110507,False,2024-04-10 16:22:35.995447+00:00
14072724614442621315,True,2024-04-10 16:22:35.995447+00:00
17153481029340981152,False,2024-04-10 16:22:35.995447+00:00
11324911099200763768,False,2024-04-10 16:22:35.995447+00:00
7532115899739303252,False,2024-04-10 16:22:35.995447+00:00
5938648085647241004,False,2024-04-10 16:22:35.995447+00:00
5567870379688594672,False,2024-04-10 16:22:35.995447+00:00
8735912021516242751,True,2024-04-10 16:22:35.995447+00:00
10110609082494151948,False,2024-04-10 16:22:35.995447+00:00
14264179575677597161,False,2024-04-10 16:22:35.995447+00:00
7976613609960509208,False,2024-04-10 16:22:35.995447+00:00
13407092363562951073,False,2024-04-10 16:22:35.995447+00:00
4311648234043073304,False,2024-04-10 16:22:35.995447+00:00
18045906908815800477,False,2024-04-10 16:22:35.995447+00:00
8082548946653026601,False,2024-04-10 16:22:35.995447+00:00
1977930773800628736,False,2024-04-10 16:22:35.995447+00:00
9263785715869270993,False,2024-04-10 16:22:35.995447+00:00
15818255180783177746,False,2024-04-10 16:22:35.995447+00:00
3291872877835585925,False,2024-04-10 16:22:35.995447+00:00
1628041265108501129,True,2024-04-10 16:22:35.995447+00:00
796069042717326180,True,2024-04-10 16:22:35.995447+00:00
2594208221145113598,False,2024-04-10 16:22:35.995447+00:00
10727260035241299949,False,2024-04-10 16:22:35.995447+00:00
14174109934878951670,True,2024-04-10 16:22:35.995447+00:00
16844901545255588233,True,2024-04-10 16:22:35.995447+00:00
1237544482142104839,False,2024-04-10 16:22:35.995447+00:00
13521868542759396344,False,2024-04-10 16:22:35.995447+00:00
17528912912577689340,True,2024-04-10 16:22:35.995447+00:00
16588432729197864199,False,2024-04-10 16:22:35.995447+00:00
9676669638735820167,False,2024-04-10 16:22:35.995447+00:00
17141546346777482547,False,2024-04-10 16:22:35.995447+00:00
6293169037946971089,False,2024-04-10 16:22:35.995447+00:00
10205161406447034520,False,2024-04-10 16:22:35.995447+00:00
14373866406936656746,False,2024-04-10 16:22:35.995447+00:00
8024841469790003893,True,2024-04-10 16:22:35.995447+00:00
6608554705731815075,False,2024-04-10 16:22:35.995447+00:00
10954346039727891847,False,2024-04-10 16:22:35.995447+00:00
16692898741132251858,False,2024-04-10 16:22:35.995447+00:00
18182340081025212332,False,2024-04-10 16:22:35.995447+00:00
2758620716847012083,False,2024-04-10 16:22:35.995447+00:00
11488137616153946551,False,2024-04-10 16:22:35.995447+00:00
15878025122037614355,False,2024-04-10 16:22:35.995447+00:00
11447632917811321255,False,2024-04-10 16:22:35.995447+00:00
9234214876880056933,False,2024-04-10 16:22:35.995447+00:00
14326190269633598786,True,2024-04-10 16:22:35.995447+00:00
3743936542770051032,False,2024-04-10 16:22:35.995447+00:00
11044813323943603085,True,2024-04-10 16:22:35.995447+00:00
15472037512837193795,False,2024-04-10 16:22:35.995447+00:00
4332383522133974189,False,2024-04-10 16:22:35.995447+00:00
17490633343934181955,False,2024-04-10 16:22:35.995447+00:00
1941314329152586380,False,2024-04-10 16:22:35.995447+00:00
2028700989007640031,False,2024-04-10 16:22:35.995447+00:00
5272669373797717745,False,2024-04-10 16:22:35.995447+00:00
17743528160010578420,False,2024-04-10 16:22:35.995447+00:00
14256918089502686239,True,2024-04-10 16:22:35.995447+00:00
15087218162992856730,False,2024-04-10 16:22:35.995447+00:00
13874762623359398476,False,2024-04-10 16:22:35.995447+00:00
8309591021072474628,False,2024-04-10 16:22:35.995447+00:00
12870894879787447871,False,2024-04-10 16:22:35.995447+00:00
17478083908996502959,False,2024-04-10 16:22:35.995447+00:00
7107399017087072002,False,2024-04-10 16:22:35.995447+00:00
4151740462508099218,False,2024-04-10 16:22:35.995447+00:00
16737329863409903295,True,2024-04-10 16:22:35.995447+00:00
17862950756520406932,False,2024-04-10 16:22:35.995447+00:00
18227952076616669160,False,2024-04-10 16:22:35.995447+00:00
17875759221413469876,False,2024-04-10 16:22:35.995447+00:00
981398395648946953,False,2024-04-10 16:22:35.995447+00:00
7943137874107980989,False,2024-04-10 16:22:35.995447+00:00
11898854472591727015,False,2024-04-10 16:22:35.995447+00:00
10389158144608901618,False,2024-04-10 16:22:35.995447+00:00
5068707094611432768,False,2024-04-10 16:22:35.995447+00:00
14764504914416195714,False,2024-04-10 16:22:35.995447+00:00
5204537118688344326,False,2024-04-10 16:22:35.995447+00:00
7001903376928818012,False,2024-04-10 16:22:35.995447+00:00
12015207725369350861,False,2024-04-10 16:22:35.995447+00:00
18362897694444927768,False,2024-04-10 16:22:35.995447+00:00
4433437731066301287,True,2024-04-10 16:22:35.995447+00:00
7436500318545629076,False,2024-04-10 16:22:35.995447+00:00
7810903626528349079,False,2024-04-10 16:22:35.995447+00:00
6590950191989980995,False,2024-04-10 16:22:35.995447+00:00
9209957237369172815,False,2024-04-10 16:22:35.995447+00:00
14616441712471190409,False,2024-04-10 16:22:35.995447+00:00
3040079943245319079,False,2024-04-10 16:22:35.995447+00:00
9885076965650110892,False,2024-04-10 16:22:35.995447+00:00
14592571005053811162,True,2024-04-10 16:22:35.995447+00:00
41062290568595358,False,2024-04-10 16:22:35.995447+00:00
7928424562326257993,False,2024-04-10 16:22:35.995447+00:00
13777708706776349780,False,2024-04-10 16:22:35.995447+00:00
15645995217197151687,True,2024-04-10 16:22:35.995447+00:00
743630710927471131,False,2024-04-10 16:22:35.995447+00:00
2737730150633093975,False,2024-04-10 16:22:35.995447+00:00
16726132081952775884,False,2024-04-10 16:22:35.995447+00:00
15031502985063507658,False,2024-04-10 16:22:35.995447+00:00
14822865353300067721,False,2024-04-10 16:22:35.995447+00:00
517835658067985683,False,2024-04-10 16:22:35.995447+00:00
14544850021513491885,True,2024-04-10 16:22:35.995447+00:00
14707721221522106215,True,2024-04-10 16:22:35.995447+00:00
3016062884039949938,False,2024-04-10 16:22:35.995447+00:00
3091445960734763498,False,2024-04-10 16:22:35.995447+00:00
12534222435356318299,False,2024-04-10 16:22:35.995447+00:00
17075459173045860080,False,2024-04-10 16:22:35.995447+00:00
1066882247018652470,False,2024-04-10 16:22:35.995447+00:00
13155493511188072078,False,2024-04-10 16:22:35.995447+00:00
9603221384133406389,False,2024-04-10 16:22:35.995447+00:00
14425067238770218073,False,2024-04-10 16:22:35.995447+00:00
10916017808829044877,False,2024-04-10 16:22:35.995447+00:00
2197590654954301712,False,2024-04-10 16:22:35.995447+00:00
6954979056646167131,False,2024-04-10 16:22:35.995447+00:00
9933892621570598768,True,2024-04-10 16:22:35.995447+00:00
6078632559434214971,False,2024-04-10 16:22:35.995447+00:00
2328803815679395519,True,2024-04-10 16:22:35.995447+00:00
3325761331869991948,True,2024-04-10 16:22:35.995447+00:00
47021045870033149,False,2024-04-10 16:22:35.995447+00:00
10994774628767672881,False,2024-04-10 16:22:35.995447+00:00
16200723078512768725,False,2024-04-10 16:22:35.995447+00:00
15791494305210444913,False,2024-04-10 16:22:35.995447+00:00
4288269751597776710,False,2024-04-10 16:22:35.995447+00:00
11796013281439401075,False,2024-04-10 16:22:35.995447+00:00
673912381274485193,False,2024-04-10 16:22:35.995447+00:00
13215903455332577103,False,2024-04-10 16:22:35.995447+00:00
16232507834545866366,False,2024-04-10 16:22:35.995447+00:00
16054836565522425555,False,2024-04-10 16:22:35.995447+00:00
6426793075595938946,True,2024-04-10 16:22:35.995447+00:00
15768085131342437515,False,2024-04-10 16:22:35.995447+00:00
13889446325989866498,True,2024-04-10 16:22:35.995447+00:00
9447776410780815786,False,2024-04-10 16:22:35.995447+00:00
13546429569709469435,True,2024-04-10 16:22:35.995447+00:00
6693349503674568195,False,2024-04-10 16:22:35.995447+00:00
8405210357439134173,False,2024-04-10 16:22:35.995447+00:00
9516168799011587102,True,2024-04-10 16:22:35.995447+00:00
845823420245256126,True,2024-04-10 16:22:35.995447+00:00
363568940957079359,False,2024-04-10 16:22:35.995447+00:00
6484488998882285294,True,2024-04-10 16:22:35.995447+00:00
7893875228161454145,False,2024-04-10 16:22:35.995447+00:00
5229161073096640595,False,2024-04-10 16:22:35.995447+00:00
8789921088315180339,False,2024-04-10 16:22:35.995447+00:00
12283778487110815739,True,2024-04-10 16:22:35.995447+00:00
1577848662611766544,False,2024-04-10 16:22:35.995447+00:00
300644524092790729,False,2024-04-10 16:22:35.995447+00:00
4180709479274648096,False,2024-04-10 16:22:35.995447+00:00
2821152131790828521,False,2024-04-10 16:22:35.995447+00:00
16501946487252087570,False,2024-04-10 16:22:35.995447+00:00
11584139584593291643,False,2024-04-10 16:22:35.995447+00:00
2428257492224426776,False,2024-04-10 16:22:35.995447+00:00
9290151536723320262,False,2024-04-10 16:22:35.995447+00:00
16389075266787225391,False,2024-04-10 16:22:35.995447+00:00
3448812833113943100,False,2024-04-10 16:22:35.995447+00:00
14302718949860176870,False,2024-04-10 16:22:35.995447+00:00
597641713092476622,False,2024-04-10 16:22:35.995447+00:00
12793361285713805292,False,2024-04-10 16:22:35.995447+00:00
980554379197572263,False,2024-04-10 16:22:35.995447+00:00
8084760145017483921,False,2024-04-10 16:22:35.995447+00:00
11513628666311923081,False,2024-04-10 16:22:35.995447+00:00
4811456374553733050,False,2024-04-10 16:22:35.995447+00:00
2326095035890635530,True,2024-04-10 16:22:35.995447+00:00
8419414241757757990,False,2024-04-10 16:22:35.995447+00:00
6232939445634081337,False,2024-04-10 16:22:35.995447+00:00
3863294718945351311,False,2024-04-10 16:22:35.995447+00:00
1598185554721576045,False,2024-04-10 16:22:35.995447+00:00
13961940516945365886,False,2024-04-10 16:22:35.995447+00:00
9834639642784644232,False,2024-04-10 16:22:35.995447+00:00
14656059782233433075,False,2024-04-10 16:22:35.995447+00:00
13889567352652989749,False,2024-04-10 16:22:35.995447+00:00
14167439524733712458,False,2024-04-10 16:22:35.995447+00:00
10650313514050450956,False,2024-04-10 16:22:35.995447+00:00
4130674673639551648,False,2024-04-10 16:22:35.995447+00:00
4500280277227743047,False,2024-04-10 16:22:35.995447+00:00
9366457759624763724,True,2024-04-10 16:22:35.995447+00:00
12367429225712827498,False,2024-04-10 16:22:35.995447+00:00
11876268612354240861,False,2024-04-10 16:22:35.995447+00:00
4054190915843186930,False,2024-04-10 16:22:35.995447+00:00
8515902410503039594,False,2024-04-10 16:22:35.995447+00:00
5238932731385034576,False,2024-04-10 16:22:35.995447+00:00
17524395949732046939,False,2024-04-10 16:22:35.995447+00:00
17293366961060914517,False,2024-04-10 16:22:35.995447+00:00
18319748378545084041,False,2024-04-10 16:22:35.995447+00:00
4347712880745061534,False,2024-04-10 16:22:35.995447+00:00
6478218086023510517,False,2024-04-10 16:22:35.995447+00:00
14266848791970113069,False,2024-04-10 16:22:35.995447+00:00
18296671343441781626,True,2024-04-10 16:22:35.995447+00:00
14674345680203976634,False,2024-04-10 16:22:35.995447+00:00
228232023047096490,True,2024-04-10 16:22:35.995447+00:00
16222125469235080994,False,2024-04-10 16:22:35.995447+00:00
5417511741011884146,False,2024-04-10 16:22:35.995447+00:00
9844193939493916526,False,2024-04-10 16:22:35.995447+00:00
17428391001854947455,False,2024-04-10 16:22:35.995447+00:00
16029351040456604393,False,2024-04-10 16:22:35.995447+00:00
13478035768154111501,False,2024-04-10 16:22:35.995447+00:00
10540669366729008055,False,2024-04-10 16:22:35.995447+00:00
14655369670493034745,True,2024-04-10 16:22:35.995447+00:00
7570480888009098895,False,2024-04-10 16:22:35.995447+00:00
11842668217776326678,False,2024-04-10 16:22:35.995447+00:00
15886949700768813398,True,2024-04-10 16:22:35.995447+00:00
18398419776991602178,False,2024-04-10 16:22:35.995447+00:00
9868714863124715429,False,2024-04-10 16:22:35.995447+00:00
14529697375817268351,False,2024-04-10 16:22:35.995447+00:00
1054719645452941496,False,2024-04-10 16:22:35.995447+00:00
15971727074593159984,False,2024-04-10 16:22:35.995447+00:00
13353800032506952549,False,2024-04-10 16:22:35.995447+00:00
14748824236521213975,False,2024-04-10 16:22:35.995447+00:00
3954471529837690743,True,2024-04-10 16:22:35.995447+00:00
12882388308139751344,False,2024-04-10 16:22:35.995447+00:00
3903274926741652141,False,2024-04-10 16:22:35.995447+00:00
13227026952517625742,False,2024-04-10 16:22:35.995447+00:00
16570934110336961060,False,2024-04-10 16:22:35.995447+00:00
2965000991903449597,False,2024-04-10 16:22:35.995447+00:00
6332043207348886259,False,2024-04-10 16:22:35.995447+00:00
5736825761677881565,False,2024-04-10 16:22:35.995447+00:00
1901184994424110241,False,2024-04-10 16:22:35.995447+00:00
2070169549216691859,False,2024-04-10 16:22:35.995447+00:00
12223287766710668855,False,2024-04-10 16:22:35.995447+00:00
5362207727588242705,False,2024-04-10 16:22:35.995447+00:00
11219319951989262059,False,2024-04-10 16:22:35.995447+00:00
11185282457465900460,False,2024-04-10 16:22:35.995447+00:00
9884184317866437614,False,2024-04-10 16:22:35.995447+00:00
17267518004834906331,False,2024-04-10 16:22:35.995447+00:00
7389541763277454979,False,2024-04-10 16:22:35.995447+00:00
5475898472293977890,False,2024-04-10 16:22:35.995447+00:00
7743893403053532970,False,2024-04-10 16:22:35.995447+00:00
13310396327192967937,False,2024-04-10 16:22:35.995447+00:00
11394754824653632696,False,2024-04-10 16:22:35.995447+00:00
4362349796241570062,False,2024-04-10 16:22:35.995447+00:00
11907486010403621299,False,2024-04-10 16:22:35.995447+00:00
5715410348134119960,False,2024-04-10 16:22:35.995447+00:00
18375554832311823201,False,2024-04-10 16:22:35.995447+00:00
11810229900110740675,False,2024-04-10 16:22:35.995447+00:00
7125350828169871762,False,2024-04-10 16:22:35.995447+00:00
2183556196513651644,False,2024-04-10 16:22:35.995447+00:00
10655107695179469527,False,2024-04-10 16:22:35.995447+00:00
3692662389731237789,False,2024-04-10 16:22:35.995447+00:00
16726132081952775884,False,2024-04-10 16:22:35.995447+00:00
6385191483188008948,False,2024-04-10 16:22:35.995447+00:00
15179026569398041939,False,2024-04-10 16:22:35.995447+00:00
17822740128572284243,False,2024-04-10 16:22:35.995447+00:00
10141513185219863763,False,2024-04-10 16:22:35.995447+00:00
1103110405584340807,False,2024-04-10 16:22:35.995447+00:00
18436930686217942950,False,2024-04-10 16:22:35.995447+00:00
1251793285994065879,False,2024-04-10 16:22:35.995447+00:00
13993747024139880345,False,2024-04-10 16:22:35.995447+00:00
9129232636013030686,False,2024-04-10 16:22:35.995447+00:00
2678993156151368419,False,2024-04-10 16:22:35.995447+00:00
285105630181515893,False,2024-04-10 16:22:35.995447+00:00
17946992069116341882,False,2024-04-10 16:22:35.995447+00:00
14728281925828362585,False,2024-04-10 16:22:35.995447+00:00
2984340610099689493,False,2024-04-10 16:22:35.995447+00:00
14334093710336409659,True,2024-04-10 16:22:35.995447+00:00
10865114530461660988,False,2024-04-10 16:22:35.995447+00:00
2121012766138524058,True,2024-04-10 16:22:35.995447+00:00
14873305409311172309,False,2024-04-10 16:22:35.995447+00:00
9763708505260138330,False,2024-04-10 16:22:35.995447+00:00
9926726296958739175,False,2024-04-10 16:22:35.995447+00:00
11188876015856009143,False,2024-04-10 16:22:35.995447+00:00
14743001199217309611,False,2024-04-10 16:22:35.995447+00:00
6049439038139390466,False,2024-04-10 16:22:35.995447+00:00
31410826698522079,True,2024-04-10 16:22:35.995447+00:00
2994224009063560214,False,2024-04-10 16:22:35.995447+00:00
4475895729758532345,False,2024-04-10 16:22:35.995447+00:00
18209762726795581669,False,2024-04-10 16:22:35.995447+00:00
17610701019881244888,False,2024-04-10 16:22:35.995447+00:00
5184837297871970261,False,2024-04-10 16:22:35.995447+00:00
9892807625745346792,False,2024-04-10 16:22:35.995447+00:00
473286989276228097,False,2024-04-10 16:22:35.995447+00:00
17866952899918645726,False,2024-04-10 16:22:35.995447+00:00
16870895244858626677,False,2024-04-10 16:22:35.995447+00:00
16966240126540523855,False,2024-04-10 16:22:35.995447+00:00
7960439711940665164,False,2024-04-10 16:22:35.995447+00:00
6590904254421710912,False,2024-04-10 16:22:35.995447+00:00
14411515160349587447,False,2024-04-10 16:22:35.995447+00:00
11963160005868577068,False,2024-04-10 16:22:35.995447+00:00
11840180256855734148,False,2024-04-10 16:22:35.995447+00:00
2665797481642597507,False,2024-04-10 16:22:35.995447+00:00
16326312938826271145,False,2024-04-10 16:22:35.995447+00:00
364716369148937286,False,2024-04-10 16:22:35.995447+00:00
5134824630695384802,False,2024-04-10 16:22:35.995447+00:00
6737075387999470879,True,2024-04-10 16:22:35.995447+00:00
1395922540390040371,False,2024-04-10 16:22:35.995447+00:00
17018673824250325083,False,2024-04-10 16:22:35.995447+00:00
8661446196647424456,True,2024-04-10 16:22:35.995447+00:00
13642258471173877630,False,2024-04-10 16:22:35.995447+00:00
12301633591217960685,False,2024-04-10 16:22:35.995447+00:00
565310052336127903,False,2024-04-10 16:22:35.995447+00:00
4894666092220075484,True,2024-04-10 16:22:35.995447+00:00
5031490371061500477,True,2024-04-10 16:22:35.995447+00:00
15321730826601627696,False,2024-04-10 16:22:35.995447+00:00
15337976987207106357,False,2024-04-10 16:22:35.995447+00:00
11041335057027918659,False,2024-04-10 16:22:35.995447+00:00
14795121589057542842,False,2024-04-10 16:22:35.995447+00:00
17746378948484796760,False,2024-04-10 16:22:35.995447+00:00
11091463669381054054,False,2024-04-10 16:22:35.995447+00:00
14114837456060733277,False,2024-04-10 16:22:35.995447+00:00
9003507524506903602,False,2024-04-10 16:22:35.995447+00:00
9838292571942156408,False,2024-04-10 16:22:35.995447+00:00
13443223008380882379,False,2024-04-10 16:22:35.995447+00:00
458218849928455460,False,2024-04-10 16:22:35.995447+00:00
12392768910048235396,False,2024-04-10 16:22:35.995447+00:00
13037085966394503914,False,2024-04-10 16:22:35.995447+00:00
13633909692944690260,False,2024-04-10 16:22:35.995447+00:00
1368912277702462993,False,2024-04-10 16:22:35.995447+00:00
6916585837146041913,False,2024-04-10 16:22:35.995447+00:00
2157054224953601425,False,2024-04-10 16:22:35.995447+00:00
17404820267907435490,False,2024-04-10 16:22:35.995447+00:00
625961569074177713,False,2024-04-10 16:22:35.995447+00:00
17649042729466637504,False,2024-04-10 16:22:35.995447+00:00
1722750086241388183,False,2024-04-10 16:22:35.995447+00:00
16695456696117738547,False,2024-04-10 16:22:35.995447+00:00
11191937105258605217,True,2024-04-10 16:22:35.995447+00:00
3984080151967141296,False,2024-04-10 16:22:35.995447+00:00
11640276755175189233,False,2024-04-10 16:22:35.995447+00:00
5723650758813236578,False,2024-04-10 16:22:35.995447+00:00
6516621992060535146,False,2024-04-10 16:22:35.995447+00:00
